date,chesa_boudin_matches,chesa_boudin_pct_of_us,chesa_boudin_pct_of_global,boudin_recall_matches,boudin_recall_pct_of_us,boudin_recall_pct_of_global,us_total_monitored,global_norm
20210101T000000Z,2,0.003812,0.000865,0,0.0,0.0,52460,231089
20210102T000000Z,6,0.014182,0.002748,0,0.0,0.0,42307,218342
20210103T000000Z,10,0.025034,0.004579,0,0.0,0.0,39945,218408
20210104T000000Z,9,0.011102,0.002505,0,0.0,0.0,81066,359283
20210105T000000Z,25,0.025258,0.006318,2,0.002021,0.000505,98980,395722
20210106T000000Z,134,0.131135,0.034309,3,0.002936,0.000768,102185,390565
20210107T000000Z,104,0.095465,0.025506,3,0.002754,0.000736,108940,407743
20210108T000000Z,18,0.017593,0.004595,0,0.0,0.0,102313,391721
20210109T000000Z,1,0.001648,0.000384,1,0.001648,0.000384,60668,260446
20210110T000000Z,2,0.004573,0.000861,0,0.0,0.0,43735,232354
20210111T000000Z,1,0.001165,0.000258,0,0.0,0.0,85850,386901
20210112T000000Z,0,0.0,0.0,0,0.0,0.0,105678,423924
20210113T000000Z,0,0.0,0.0,0,0.0,0.0,110321,437044
20210114T000000Z,3,0.002755,0.000696,0,0.0,0.0,108879,431183
20210115T000000Z,0,0.0,0.0,0,0.0,0.0,105349,414351
20210116T000000Z,1,0.001649,0.000381,0,0.0,0.0,60637,262202
20210117T000000Z,2,0.004294,0.000841,0,0.0,0.0,46576,237681
20210118T000000Z,1,0.001384,0.000266,0,0.0,0.0,72270,376283
20210119T000000Z,1,0.000996,0.00024,0,0.0,0.0,100448,416507
20210120T000000Z,1,0.000911,0.000232,0,0.0,0.0,109717,430952
20210121T000000Z,2,0.00186,0.000469,1,0.00093,0.000235,107521,426349
20210122T000000Z,3,0.002864,0.000728,0,0.0,0.0,104761,412078
20210123T000000Z,11,0.018125,0.004227,1,0.001648,0.000384,60689,260208
20210124T000000Z,0,0.0,0.0,0,0.0,0.0,44090,233228
20210125T000000Z,3,0.003434,0.000765,0,0.0,0.0,87355,392007
20210126T000000Z,2,0.001839,0.00047,0,0.0,0.0,108746,425535
20210127T000000Z,1,0.000898,0.000227,0,0.0,0.0,111302,439973
20210128T000000Z,1,0.000911,0.000228,0,0.0,0.0,109741,439009
20210129T000000Z,2,0.001909,0.000479,1,0.000955,0.000239,104764,417688
20210130T000000Z,1,0.00169,0.000376,0,0.0,0.0,59163,265908
20210131T000000Z,3,0.006566,0.001207,0,0.0,0.0,45691,248519
20210201T000000Z,1,0.001094,0.000249,0,0.0,0.0,91366,401219
20210202T000000Z,13,0.011894,0.003013,0,0.0,0.0,109297,431507
20210203T000000Z,73,0.066549,0.016844,0,0.0,0.0,109694,433379
20210204T000000Z,8,0.007311,0.001926,4,0.003655,0.000963,109429,415419
20210205T000000Z,8,0.007522,0.001939,0,0.0,0.0,106351,412610
20210206T000000Z,4,0.006607,0.001541,0,0.0,0.0,60539,259619
20210207T000000Z,2,0.004372,0.000838,0,0.0,0.0,45744,238624
20210208T000000Z,10,0.011388,0.002581,2,0.002278,0.000516,87814,387385
20210209T000000Z,57,0.053397,0.013379,0,0.0,0.0,106747,426043
20210210T000000Z,15,0.013777,0.003545,1,0.000918,0.000236,108880,423172
20210211T000000Z,2,0.001916,0.000493,0,0.0,0.0,104399,405330
20210212T000000Z,55,0.055249,0.014333,0,0.0,0.0,99549,383719
20210213T000000Z,2,0.003227,0.000771,0,0.0,0.0,61970,259387
20210214T000000Z,2,0.004294,0.000845,0,0.0,0.0,46582,236759
20210215T000000Z,2,0.002841,0.000566,0,0.0,0.0,70410,353226
20210216T000000Z,4,0.004174,0.001016,0,0.0,0.0,95839,393531
20210217T000000Z,7,0.006373,0.001669,0,0.0,0.0,109839,419319
20210218T000000Z,2,0.001813,0.000467,0,0.0,0.0,110304,428304
20210219T000000Z,204,0.198243,0.049846,0,0.0,0.0,102904,409264
20210220T000000Z,6,0.010208,0.002213,0,0.0,0.0,58778,271186
20210221T000000Z,2,0.004572,0.000862,0,0.0,0.0,43747,232090
20210222T000000Z,0,0.0,0.0,0,0.0,0.0,86281,378007
20210223T000000Z,4,0.003822,0.00097,0,0.0,0.0,104648,412579
20210224T000000Z,15,0.013885,0.003512,3,0.002777,0.000702,108034,427161
20210225T000000Z,11,0.010128,0.002569,0,0.0,0.0,108606,428203
20210226T000000Z,62,0.060548,0.015144,1,0.000977,0.000244,102398,409406
20210227T000000Z,8,0.013387,0.003078,0,0.0,0.0,59759,259889
20210228T000000Z,7,0.015931,0.003045,4,0.009104,0.00174,43939,229907
20210301T000000Z,1,0.001107,0.000257,1,0.001107,0.000257,90360,389441
20210302T000000Z,4,0.003816,0.000947,0,0.0,0.0,104822,422417
20210303T000000Z,2,0.001846,0.000465,0,0.0,0.0,108316,430153
20210304T000000Z,3,0.002879,0.000707,0,0.0,0.0,104191,424090
20210305T000000Z,6,0.005968,0.001482,0,0.0,0.0,100540,404974
20210306T000000Z,2,0.003397,0.000773,0,0.0,0.0,58881,258775
20210307T000000Z,0,0.0,0.0,0,0.0,0.0,44792,233522
20210308T000000Z,4,0.004449,0.001067,0,0.0,0.0,89916,374748
20210309T000000Z,10,0.00952,0.002394,5,0.00476,0.001197,105047,417682
20210310T000000Z,10,0.009366,0.002351,8,0.007493,0.001881,106768,425267
20210311T000000Z,9,0.008167,0.002115,3,0.002722,0.000705,110195,425476
20210312T000000Z,15,0.015003,0.003745,10,0.010002,0.002496,99977,400563
20210313T000000Z,4,0.006831,0.001571,1,0.001708,0.000393,58555,254595
20210314T000000Z,0,0.0,0.0,0,0.0,0.0,44610,230628
20210315T000000Z,0,0.0,0.0,0,0.0,0.0,95019,392200
20210316T000000Z,2,0.001959,0.000478,1,0.00098,0.000239,102079,418834
20210317T000000Z,8,0.007603,0.001877,0,0.0,0.0,105225,426273
20210318T000000Z,70,0.067536,0.016828,2,0.00193,0.000481,103648,415973
20210319T000000Z,2,0.002048,0.000503,0,0.0,0.0,97650,397271
20210320T000000Z,1,0.001878,0.0004,0,0.0,0.0,53247,249955
20210321T000000Z,0,0.0,0.0,0,0.0,0.0,41866,226753
20210322T000000Z,13,0.014972,0.00338,2,0.002303,0.00052,86830,384572
20210323T000000Z,23,0.02221,0.005468,0,0.0,0.0,103558,420660
20210324T000000Z,2,0.001917,0.000474,0,0.0,0.0,104351,422002
20210325T000000Z,67,0.061724,0.01575,1,0.000921,0.000235,108548,425408
20210326T000000Z,9,0.008741,0.00222,2,0.001942,0.000493,102968,405401
20210327T000000Z,10,0.018038,0.003966,2,0.003608,0.000793,55439,252157
20210328T000000Z,8,0.018257,0.003509,0,0.0,0.0,43819,227962
20210329T000000Z,2,0.002348,0.000532,1,0.001174,0.000266,85179,376131
20210330T000000Z,6,0.006086,0.001442,2,0.002029,0.000481,98595,416220
20210331T000000Z,7,0.006837,0.001652,1,0.000977,0.000236,102386,423604
20210401T000000Z,5,0.004963,0.001243,3,0.002978,0.000746,100742,402365
20210402T000000Z,3,0.00347,0.000882,1,0.001157,0.000294,86452,340309
20210403T000000Z,2,0.004033,0.000858,0,0.0,0.0,49594,232977
20210404T000000Z,0,0.0,0.0,0,0.0,0.0,38855,211641
20210405T000000Z,4,0.005205,0.001257,4,0.005205,0.001257,76853,318343
20210406T000000Z,1,0.001051,0.000252,2,0.002102,0.000504,95140,397183
20210407T000000Z,4,0.003912,0.000964,4,0.003912,0.000964,102251,414740
20210408T000000Z,5,0.005065,0.001226,4,0.004052,0.000981,98717,407848
20210409T000000Z,2,0.002073,0.000512,1,0.001037,0.000256,96461,390248
20210410T000000Z,0,0.0,0.0,0,0.0,0.0,53770,247005
20210411T000000Z,1,0.002352,0.000442,1,0.002352,0.000442,42523,226188
20210412T000000Z,2,0.002331,0.000526,0,0.0,0.0,85784,380105
20210413T000000Z,1,0.001006,0.000245,0,0.0,0.0,99421,407615
20210414T000000Z,1,0.001007,0.000247,0,0.0,0.0,99274,405065
20210415T000000Z,2,0.001988,0.000489,0,0.0,0.0,100588,408883
20210416T000000Z,2,0.002121,0.000511,0,0.0,0.0,94315,391221
20210417T000000Z,1,0.001967,0.000413,0,0.0,0.0,50849,242394
20210418T000000Z,1,0.002421,0.000449,0,0.0,0.0,41308,222834
20210419T000000Z,6,0.00702,0.001587,4,0.00468,0.001058,85467,378187
20210420T000000Z,3,0.003008,0.000733,1,0.001003,0.000244,99722,409399
20210421T000000Z,6,0.00595,0.001486,1,0.000992,0.000248,100837,403666
20210422T000000Z,5,0.0048,0.001201,0,0.0,0.0,104173,416210
20210423T000000Z,7,0.007378,0.001806,1,0.001054,0.000258,94881,387641
20210424T000000Z,2,0.003695,0.000812,2,0.003695,0.000812,54134,246439
20210425T000000Z,3,0.006969,0.001316,1,0.002323,0.000439,43049,227957
20210426T000000Z,24,0.026978,0.006314,2,0.002248,0.000526,88962,380105
20210427T000000Z,13,0.013109,0.003222,2,0.002017,0.000496,99169,403525
20210428T000000Z,2,0.001944,0.00049,0,0.0,0.0,102875,408538
20210429T000000Z,1,0.000972,0.000244,1,0.000972,0.000244,102912,410524
20210430T000000Z,5,0.005084,0.001318,1,0.001017,0.000264,98339,379361
20210501T000000Z,6,0.01114,0.002559,2,0.003713,0.000853,53859,234433
20210502T000000Z,2,0.004633,0.00093,0,0.0,0.0,43169,215069
20210503T000000Z,3,0.003652,0.000918,0,0.0,0.0,82141,326859
20210504T000000Z,4,0.004174,0.001091,2,0.002087,0.000546,95834,366636
20210505T000000Z,20,0.019356,0.005117,2,0.001936,0.000512,103326,390845
20210506T000000Z,71,0.068543,0.017782,2,0.001931,0.000501,103584,399273
20210507T000000Z,20,0.021081,0.005254,1,0.001054,0.000263,94873,380651
20210508T000000Z,36,0.070894,0.014448,6,0.011816,0.002408,50780,249175
20210509T000000Z,2,0.004687,0.000891,0,0.0,0.0,42672,224361
20210510T000000Z,11,0.013013,0.003035,0,0.0,0.0,84528,362397
20210511T000000Z,7,0.006931,0.001742,0,0.0,0.0,100996,401775
20210512T000000Z,1,0.000958,0.000247,0,0.0,0.0,104408,404441
20210513T000000Z,4,0.003942,0.001058,1,0.000985,0.000264,101475,378186
20210514T000000Z,4,0.00424,0.001087,1,0.00106,0.000272,94344,368120
20210515T000000Z,7,0.013377,0.002992,1,0.001911,0.000427,52327,233930
20210516T000000Z,6,0.014418,0.002764,0,0.0,0.0,41614,217078
20210517T000000Z,0,0.0,0.0,0,0.0,0.0,83077,366389
20210518T000000Z,4,0.004027,0.000999,0,0.0,0.0,99334,400577
20210519T000000Z,10,0.009738,0.002454,7,0.006817,0.001718,102689,407435
20210520T000000Z,5,0.005022,0.001232,4,0.004017,0.000986,99571,405834
20210521T000000Z,11,0.012039,0.002886,3,0.003283,0.000787,91373,381142
20210522T000000Z,2,0.003943,0.000828,1,0.001972,0.000414,50722,241441
20210523T000000Z,1,0.0025,0.000462,1,0.0025,0.000462,39997,216325
20210524T000000Z,6,0.007567,0.001736,1,0.001261,0.000289,79292,345639
20210525T000000Z,6,0.006218,0.001529,4,0.004145,0.001019,96499,392442
20210526T000000Z,2,0.002028,0.000504,1,0.001014,0.000252,98601,396901
20210527T000000Z,8,0.00812,0.001991,3,0.003045,0.000747,98527,401744
20210528T000000Z,12,0.012978,0.00318,1,0.001082,0.000265,92462,377409
20210529T000000Z,3,0.006231,0.001288,1,0.002077,0.000429,48149,232977
20210530T000000Z,0,0.0,0.0,0,0.0,0.0,39111,212810
20210531T000000Z,4,0.00777,0.001234,1,0.001943,0.000308,51479,324150
20210601T000000Z,1,0.001156,0.000266,1,0.001156,0.000266,86502,376617
20210602T000000Z,4,0.004115,0.00104,0,0.0,0.0,97210,384568
20210603T000000Z,2,0.002035,0.000524,1,0.001018,0.000262,98257,381811
20210604T000000Z,30,0.032108,0.008114,1,0.00107,0.00027,93436,369739
20210605T000000Z,1,0.001928,0.00043,0,0.0,0.0,51864,232348
20210606T000000Z,1,0.002471,0.000468,0,0.0,0.0,40462,213886
20210607T000000Z,4,0.004833,0.001128,3,0.003624,0.000846,82771,354476
20210608T000000Z,1,0.001029,0.000258,0,0.0,0.0,97219,388002
20210609T000000Z,1,0.001013,0.000255,0,0.0,0.0,98691,392876
20210610T000000Z,0,0.0,0.0,0,0.0,0.0,101433,391875
20210611T000000Z,4,0.004241,0.001073,3,0.003181,0.000805,94321,372657
20210612T000000Z,4,0.007615,0.001724,3,0.005711,0.001293,52529,231988
20210613T000000Z,0,0.0,0.0,0,0.0,0.0,41976,210210
20210614T000000Z,2,0.002452,0.000587,1,0.001226,0.000294,81572,340462
20210615T000000Z,8,0.008037,0.002058,5,0.005023,0.001286,99543,388720
20210616T000000Z,35,0.03523,0.008941,1,0.001007,0.000255,99348,391468
20210617T000000Z,38,0.038721,0.009773,1,0.001019,0.000257,98139,388809
20210618T000000Z,13,0.014531,0.003545,2,0.002236,0.000545,89462,366728
20210619T000000Z,22,0.045403,0.009735,1,0.002064,0.000443,48455,225981
20210620T000000Z,3,0.0074,0.001419,0,0.0,0.0,40541,211344
20210621T000000Z,9,0.011073,0.002569,3,0.003691,0.000856,81278,350375
20210622T000000Z,7,0.007394,0.00183,2,0.002113,0.000523,94668,382590
20210623T000000Z,3,0.002944,0.000767,2,0.001962,0.000511,101912,391285
20210624T000000Z,66,0.066556,0.017069,62,0.062522,0.016035,99165,386663
20210625T000000Z,2,0.002172,0.000546,1,0.001086,0.000273,92072,366127
20210626T000000Z,0,0.0,0.0,0,0.0,0.0,50243,229660
20210627T000000Z,1,0.00235,0.000471,1,0.00235,0.000471,42551,212448
20210628T000000Z,0,0.0,0.0,0,0.0,0.0,83126,353609
20210629T000000Z,0,0.0,0.0,1,0.001019,0.000263,98134,380027
20210630T000000Z,7,0.006709,0.001778,0,0.0,0.0,104330,393756
20210701T000000Z,10,0.009739,0.002566,1,0.000974,0.000257,102684,389707
20210702T000000Z,3,0.0033,0.000837,1,0.0011,0.000279,90902,358279
20210703T000000Z,4,0.008286,0.001804,3,0.006214,0.001353,48275,221766
20210704T000000Z,5,0.01232,0.002426,2,0.004928,0.00097,40584,206103
20210705T000000Z,4,0.007119,0.001243,2,0.003559,0.000622,56190,321800
20210706T000000Z,8,0.009365,0.00219,3,0.003512,0.000821,85429,365276
20210707T000000Z,10,0.009989,0.002574,2,0.001998,0.000515,100106,388453
20210708T000000Z,6,0.006196,0.001566,2,0.002065,0.000522,96833,383126
20210709T000000Z,13,0.014265,0.003614,4,0.004389,0.001112,91130,359733
20210710T000000Z,2,0.004005,0.000885,0,0.0,0.0,49943,225901
20210711T000000Z,3,0.007578,0.001447,1,0.002526,0.000482,39589,207277
20210712T000000Z,4,0.005005,0.001158,0,0.0,0.0,79919,345276
20210713T000000Z,6,0.006262,0.001583,2,0.002087,0.000528,95814,379105
20210714T000000Z,8,0.008068,0.002084,2,0.002017,0.000521,99158,383837
20210715T000000Z,7,0.007033,0.001823,0,0.0,0.0,99533,383965
20210716T000000Z,3,0.003304,0.000828,1,0.001101,0.000276,90805,362193
20210717T000000Z,2,0.003777,0.000861,1,0.001889,0.000431,52947,232246
20210718T000000Z,1,0.0025,0.00048,1,0.0025,0.00048,40006,208346
20210719T000000Z,4,0.004913,0.00117,1,0.001228,0.000292,81412,341886
20210720T000000Z,1,0.001045,0.000275,0,0.0,0.0,95739,363247
20210721T000000Z,17,0.017543,0.004648,1,0.001032,0.000273,96903,365772
20210722T000000Z,22,0.023821,0.006043,3,0.003248,0.000824,92354,364050
20210723T000000Z,4,0.004586,0.001137,1,0.001146,0.000284,87225,351774
20210724T000000Z,1,0.002141,0.00045,0,0.0,0.0,46710,222263
20210725T000000Z,2,0.00516,0.000968,0,0.0,0.0,38758,206625
20210726T000000Z,7,0.009122,0.002059,0,0.0,0.0,76739,339918
20210727T000000Z,5,0.005479,0.001357,2,0.002191,0.000543,91262,368488
20210728T000000Z,4,0.004209,0.001073,1,0.001052,0.000268,95039,372945
20210729T000000Z,7,0.007819,0.002055,5,0.005585,0.001468,89529,340575
20210730T000000Z,7,0.009293,0.002371,1,0.001328,0.000339,75329,295176
20210731T000000Z,0,0.0,0.0,0,0.0,0.0,37607,179518
20210801T000000Z,8,0.024231,0.004525,2,0.006058,0.001131,33015,176789
20210802T000000Z,2,0.002959,0.000715,0,0.0,0.0,67580,279820
20210803T000000Z,4,0.004969,0.001282,3,0.003727,0.000961,80502,312044
20210804T000000Z,3,0.003619,0.000918,2,0.002413,0.000612,82897,326653
20210805T000000Z,1,0.001242,0.00032,0,0.0,0.0,80489,312187
20210806T000000Z,3,0.004404,0.001087,3,0.004404,0.001087,68114,275945
20210807T000000Z,0,0.0,0.0,0,0.0,0.0,27235,145166
20210808T000000Z,1,0.003788,0.000696,0,0.0,0.0,26402,143688
20210809T000000Z,1,0.001698,0.000388,1,0.001698,0.000388,58876,257737
20210810T000000Z,4,0.006337,0.001504,0,0.0,0.0,63119,265910
20210811T000000Z,2,0.002906,0.000723,2,0.002906,0.000723,68819,276749
20210812T000000Z,4,0.00625,0.001483,4,0.00625,0.001483,63998,269766
20210813T000000Z,2,0.003987,0.000865,0,0.0,0.0,50159,231316
20210814T000000Z,1,0.005435,0.000912,0,0.0,0.0,18400,109615
20210815T000000Z,2,0.011683,0.001855,0,0.0,0.0,17119,107839
20210816T000000Z,0,0.0,0.0,0,0.0,0.0,43209,215053
20210817T000000Z,4,0.00806,0.001755,2,0.00403,0.000877,49625,227926
20210818T000000Z,7,0.014005,0.003035,4,0.008003,0.001734,49982,230675
20210819T000000Z,26,0.032173,0.007763,16,0.019799,0.004777,80812,334923
20210820T000000Z,4,0.004793,0.001181,1,0.001198,0.000295,83447,338763
20210821T000000Z,1,0.002133,0.000457,1,0.002133,0.000457,46882,218918
20210822T000000Z,0,0.0,0.0,0,0.0,0.0,39659,203092
20210823T000000Z,3,0.003977,0.000908,0,0.0,0.0,75434,330440
20210824T000000Z,183,0.203433,0.050439,7,0.007782,0.001929,89956,362811
20210825T000000Z,38,0.040161,0.010188,2,0.002114,0.000536,94620,372972
20210826T000000Z,36,0.040434,0.00987,1,0.001123,0.000274,89034,364724
20210827T000000Z,12,0.014342,0.003524,0,0.0,0.0,83669,340515
20210828T000000Z,3,0.00623,0.001342,1,0.002077,0.000447,48151,223521
20210829T000000Z,1,0.002571,0.000488,0,0.0,0.0,38896,204924
20210830T000000Z,4,0.005257,0.001206,2,0.002629,0.000603,76083,331616
20210831T000000Z,4,0.004398,0.001086,1,0.0011,0.000271,90943,368455
20210901T000000Z,7,0.00731,0.00184,0,0.0,0.0,95760,380462
20210902T000000Z,4,0.004395,0.001068,0,0.0,0.0,91003,374522
20210903T000000Z,7,0.008277,0.001989,1,0.001182,0.000284,84567,351895
20210904T000000Z,0,0.0,0.0,0,0.0,0.0,44148,219237
20210905T000000Z,3,0.008102,0.001467,3,0.008102,0.001467,37030,204550
20210906T000000Z,5,0.010459,0.001622,3,0.006275,0.000973,47808,308314
20210907T000000Z,1,0.001247,0.000279,1,0.001247,0.000279,80164,357952
20210908T000000Z,7,0.007513,0.001873,3,0.00322,0.000803,93177,373728
20210909T000000Z,4,0.004261,0.001071,1,0.001065,0.000268,93878,373589
20210910T000000Z,4,0.004593,0.001119,0,0.0,0.0,87089,357553
20210911T000000Z,3,0.005973,0.001304,1,0.001991,0.000435,50228,230006
20210912T000000Z,0,0.0,0.0,0,0.0,0.0,37851,206056
20210913T000000Z,3,0.003702,0.000851,1,0.001234,0.000284,81046,352376
20210914T000000Z,4,0.004102,0.001041,1,0.001026,0.00026,97505,384076
20210915T000000Z,1,0.001032,0.00026,0,0.0,0.0,96873,384744
20210916T000000Z,4,0.004287,0.001059,3,0.003215,0.000794,93309,377865
20210917T000000Z,4,0.004632,0.001113,2,0.002316,0.000557,86365,359295
20210918T000000Z,0,0.0,0.0,0,0.0,0.0,50602,236146
20210919T000000Z,0,0.0,0.0,0,0.0,0.0,39157,207134
20210920T000000Z,2,0.002473,0.000595,0,0.0,0.0,80872,336223
20210921T000000Z,1,0.001096,0.000277,0,0.0,0.0,91203,361118
20210922T000000Z,2,0.002057,0.000524,0,0.0,0.0,97227,381335
20210923T000000Z,1,0.001071,0.000262,0,0.0,0.0,93405,381061
20210924T000000Z,4,0.004636,0.001116,2,0.002318,0.000558,86284,358355
20210925T000000Z,4,0.007699,0.001647,3,0.005774,0.001236,51956,242816
20210926T000000Z,1,0.002014,0.000392,2,0.004028,0.000784,49650,255235
20210927T000000Z,7,0.007828,0.001822,1,0.001118,0.00026,89421,384149
20210928T000000Z,5,0.004859,0.001236,1,0.000972,0.000247,102911,404663
20210929T000000Z,24,0.02334,0.005939,0,0.0,0.0,102829,404109
20210930T000000Z,10,0.009865,0.002488,6,0.005919,0.001493,101366,401875
20211001T000000Z,2,0.002091,0.000543,0,0.0,0.0,95650,368440
20211002T000000Z,3,0.005489,0.001262,0,0.0,0.0,54655,237694
20211003T000000Z,1,0.002566,0.000469,0,0.0,0.0,38967,213071
20211004T000000Z,1,0.001214,0.000284,0,0.0,0.0,82395,351991
20211005T000000Z,1,0.001035,0.000262,0,0.0,0.0,96646,381070
20211006T000000Z,1,0.00101,0.000262,0,0.0,0.0,98996,381803
20211007T000000Z,1,0.001029,0.000261,0,0.0,0.0,97219,382699
20211008T000000Z,55,0.060613,0.014939,0,0.0,0.0,90740,368163
20211009T000000Z,4,0.00818,0.001694,0,0.0,0.0,48901,236194
20211010T000000Z,3,0.007631,0.001455,2,0.005087,0.00097,39313,206244
20211011T000000Z,0,0.0,0.0,0,0.0,0.0,75660,336346
20211012T000000Z,3,0.003197,0.000799,1,0.001066,0.000266,93831,375436
20211013T000000Z,13,0.01308,0.003383,1,0.001006,0.00026,99392,384284
20211014T000000Z,11,0.011397,0.002891,0,0.0,0.0,96520,380497
20211015T000000Z,4,0.004566,0.001121,4,0.004566,0.001121,87602,356676
20211016T000000Z,1,0.00213,0.000463,1,0.00213,0.000463,46939,215792
20211017T000000Z,0,0.0,0.0,0,0.0,0.0,36910,192232
20211018T000000Z,1,0.001288,0.000291,1,0.001288,0.000291,77617,343989
20211019T000000Z,2,0.002113,0.000527,2,0.002113,0.000527,94650,379717
20211020T000000Z,1,0.001008,0.000259,1,0.001008,0.000259,99173,385492
20211021T000000Z,7,0.00716,0.001807,3,0.003069,0.000774,97766,387433
20211022T000000Z,6,0.00648,0.001632,3,0.00324,0.000816,92592,367549
20211023T000000Z,5,0.010034,0.002222,3,0.00602,0.001333,49832,225010
20211024T000000Z,3,0.008051,0.001525,3,0.008051,0.001525,37264,196661
20211025T000000Z,16,0.020082,0.004617,16,0.020082,0.004617,79675,346567
20211026T000000Z,74,0.080128,0.019675,17,0.018408,0.00452,92352,376112
20211027T000000Z,27,0.028362,0.007055,1,0.00105,0.000261,95197,382700
20211028T000000Z,5,0.005245,0.001309,1,0.001049,0.000262,95329,381980
20211029T000000Z,7,0.007642,0.001913,2,0.002183,0.000547,91601,365897
20211030T000000Z,3,0.005811,0.001308,2,0.003874,0.000872,51629,229379
20211031T000000Z,4,0.009641,0.001873,2,0.004821,0.000937,41489,213512
20211101T000000Z,6,0.007451,0.001832,3,0.003725,0.000916,80528,327454
20211102T000000Z,17,0.017839,0.004583,2,0.002099,0.000539,95299,370917
20211103T000000Z,22,0.021872,0.005714,15,0.014913,0.003896,100583,385006
20211104T000000Z,3,0.003122,0.0008,1,0.001041,0.000267,96107,374907
20211105T000000Z,10,0.011233,0.002815,5,0.005616,0.001407,89027,355295
20211106T000000Z,4,0.007912,0.00174,1,0.001978,0.000435,50559,229828
20211107T000000Z,10,0.027701,0.0051,4,0.01108,0.00204,36100,196085
20211108T000000Z,3,0.003895,0.000859,1,0.001298,0.000286,77024,349188
20211109T000000Z,9,0.009488,0.002363,6,0.006325,0.001575,94858,380940
20211110T000000Z,44,0.044931,0.011402,65,0.066375,0.016845,97929,385882
20211111T000000Z,7,0.007259,0.00184,6,0.006222,0.001577,96437,380531
20211112T000000Z,3,0.003086,0.000821,3,0.003086,0.000821,97216,365443
20211113T000000Z,5,0.009561,0.00221,4,0.007649,0.001768,52296,226276
20211114T000000Z,3,0.007956,0.001471,2,0.005304,0.000981,37707,203937
20211115T000000Z,4,0.005142,0.001153,0,0.0,0.0,77788,346856
20211116T000000Z,6,0.006498,0.001601,2,0.002166,0.000534,92339,374798
20211117T000000Z,6,0.006241,0.001579,1,0.00104,0.000263,96141,380060
20211118T000000Z,25,0.026375,0.006555,18,0.01899,0.004719,94785,381398
20211119T000000Z,6,0.006581,0.001645,5,0.005484,0.001371,91168,364689
20211120T000000Z,2,0.00413,0.000918,0,0.0,0.0,48427,217797
20211121T000000Z,2,0.00561,0.00103,0,0.0,0.0,35650,194220
20211122T000000Z,21,0.026287,0.005995,9,0.011266,0.002569,79888,350291
20211123T000000Z,25,0.02758,0.006668,7,0.007722,0.001867,90647,374933
20211124T000000Z,72,0.082288,0.019008,11,0.012572,0.002904,87498,378786
20211125T000000Z,83,0.147095,0.023952,67,0.11874,0.019335,56426,346524
20211126T000000Z,18,0.033369,0.005475,1,0.001854,0.000304,53943,328773
20211127T000000Z,9,0.022534,0.004135,2,0.005008,0.000919,39940,217641
20211128T000000Z,5,0.014452,0.002505,3,0.008671,0.001503,34597,199566
20211129T000000Z,12,0.016187,0.003469,4,0.005396,0.001156,74134,345904
20211130T000000Z,17,0.01852,0.0045,11,0.011983,0.002911,91794,377814
20211201T000000Z,16,0.016642,0.004169,5,0.005201,0.001303,96140,383753
20211202T000000Z,61,0.063762,0.015881,12,0.012543,0.003124,95669,384100
20211203T000000Z,93,0.105772,0.025878,4,0.004549,0.001113,87925,359381
20211204T000000Z,57,0.115666,0.025284,1,0.002029,0.000444,49280,225440
20211205T000000Z,18,0.047457,0.008897,4,0.010546,0.001977,37929,202306
20211206T000000Z,65,0.085963,0.019155,62,0.081995,0.018271,75614,339338
20211207T000000Z,12,0.013757,0.003265,5,0.005732,0.00136,87227,367530
20211208T000000Z,9,0.009688,0.002447,2,0.002153,0.000544,92897,367730
20211209T000000Z,4,0.004308,0.00105,2,0.002154,0.000525,92849,381101
20211210T000000Z,9,0.010035,0.002474,4,0.00446,0.001099,89686,363839
20211211T000000Z,135,0.258334,0.057985,132,0.252593,0.056696,52258,232820
20211212T000000Z,105,0.277557,0.05151,99,0.261697,0.048567,37830,203844
20211213T000000Z,16,0.022019,0.00472,3,0.004128,0.000885,72666,338988
20211214T000000Z,5,0.005609,0.001343,2,0.002243,0.000537,89147,372356
20211215T000000Z,20,0.021258,0.005227,8,0.008503,0.002091,94081,382594
20211216T000000Z,11,0.012074,0.002925,7,0.007683,0.001861,91105,376083
20211217T000000Z,10,0.011411,0.002765,7,0.007988,0.001936,87636,361627
20211218T000000Z,8,0.016592,0.003555,4,0.008296,0.001778,48215,225028
20211219T000000Z,5,0.014132,0.002546,3,0.008479,0.001528,35380,196389
20211220T000000Z,10,0.013819,0.002987,7,0.009673,0.002091,72363,334764
20211221T000000Z,67,0.079148,0.018576,82,0.096867,0.022735,84652,360679
20211222T000000Z,12,0.014655,0.003417,4,0.004885,0.001139,81882,351147
20211223T000000Z,34,0.044396,0.010047,4,0.005223,0.001182,76584,338407
20211224T000000Z,115,0.218424,0.043066,0,0.0,0.0,52650,267031
20211225T000000Z,5,0.021323,0.003407,2,0.008529,0.001363,23449,146777
20211226T000000Z,5,0.017895,0.002961,2,0.007158,0.001184,27941,168868
20211227T000000Z,5,0.009894,0.001834,2,0.003957,0.000734,50538,272605
20211228T000000Z,2,0.003036,0.000654,0,0.0,0.0,65884,305886
20211229T000000Z,6,0.008514,0.001901,3,0.004257,0.00095,70476,315669
20211230T000000Z,10,0.014451,0.003212,3,0.004335,0.000964,69198,311317
20211231T000000Z,46,0.079889,0.0178,2,0.003473,0.000774,57580,258434
20220101T000000Z,7,0.024195,0.004685,2,0.006913,0.001339,28931,149414
20220102T000000Z,1,0.003529,0.000621,1,0.003529,0.000621,28337,161094
20220103T000000Z,8,0.013511,0.003013,5,0.008445,0.001883,59210,265545
20220104T000000Z,4,0.004827,0.001201,2,0.002413,0.0006,82871,333148
20220105T000000Z,8,0.008909,0.002297,4,0.004454,0.001149,89799,348263
20220106T000000Z,9,0.010051,0.00271,0,0.0,0.0,89543,332107
20220107T000000Z,13,0.015081,0.004002,5,0.0058,0.001539,86202,324847
20220108T000000Z,4,0.00811,0.001839,3,0.006083,0.001379,49321,217492
20220109T000000Z,0,0.0,0.0,0,0.0,0.0,32564,183683
20220110T000000Z,4,0.005326,0.001209,3,0.003994,0.000907,75106,330918
20220111T000000Z,6,0.006748,0.00165,1,0.001125,0.000275,88910,363627
20220112T000000Z,6,0.006401,0.001615,2,0.002134,0.000538,93740,371547
20220113T000000Z,4,0.00429,0.001063,3,0.003217,0.000798,93248,376142
20220114T000000Z,7,0.007888,0.001972,1,0.001127,0.000282,88741,354941
20220115T000000Z,3,0.005993,0.001361,0,0.0,0.0,50060,220429
20220116T000000Z,0,0.0,0.0,0,0.0,0.0,38002,203402
20220117T000000Z,2,0.003521,0.000641,0,0.0,0.0,56800,311847
20220118T000000Z,8,0.009427,0.002212,2,0.002357,0.000553,84860,361664
20220119T000000Z,7,0.007228,0.00183,2,0.002065,0.000523,96841,382479
20220120T000000Z,7,0.007212,0.001838,2,0.002061,0.000525,97060,380848
20220121T000000Z,10,0.011107,0.002875,1,0.001111,0.000287,90037,347880
20220122T000000Z,0,0.0,0.0,0,0.0,0.0,50332,225195
20220123T000000Z,4,0.01121,0.002001,0,0.0,0.0,35684,199935
20220124T000000Z,4,0.005474,0.001177,1,0.001368,0.000294,73079,339974
20220125T000000Z,41,0.044874,0.011131,18,0.019701,0.004887,91367,368348
20220126T000000Z,65,0.069565,0.017514,53,0.056722,0.01428,93438,371141
20220127T000000Z,22,0.023658,0.005881,2,0.002151,0.000535,92990,374110
20220128T000000Z,60,0.069477,0.016948,7,0.008106,0.001977,86359,354026
20220129T000000Z,10,0.019986,0.004376,8,0.015988,0.003501,50036,228536
20220130T000000Z,111,0.288874,0.054925,2,0.005205,0.00099,38425,202093
20220131T000000Z,20,0.027487,0.0063,1,0.001374,0.000315,72762,317480
20220201T000000Z,4,0.004334,0.001141,0,0.0,0.0,92295,350519
20220202T000000Z,6,0.006372,0.001685,0,0.0,0.0,94158,356034
20220203T000000Z,21,0.022878,0.005889,5,0.005447,0.001402,91791,356601
20220204T000000Z,12,0.013739,0.003569,5,0.005725,0.001487,87340,336205
20220205T000000Z,7,0.014001,0.003157,4,0.008,0.001804,49997,221761
20220206T000000Z,2,0.0054,0.000993,0,0.0,0.0,37037,201336
20220207T000000Z,9,0.012715,0.0028,6,0.008477,0.001867,70780,321429
20220208T000000Z,5,0.005451,0.00137,5,0.005451,0.00137,91723,364934
20220209T000000Z,12,0.012962,0.003217,3,0.00324,0.000804,92581,372974
20220210T000000Z,10,0.010405,0.002642,3,0.003121,0.000793,96109,378488
20220211T000000Z,8,0.009267,0.002274,3,0.003475,0.000853,86325,351823
20220212T000000Z,22,0.04575,0.009793,2,0.004159,0.00089,48087,224659
20220213T000000Z,7,0.021034,0.003647,2,0.00601,0.001042,33280,191923
20220214T000000Z,11,0.015008,0.003281,2,0.002729,0.000597,73293,335252
20220215T000000Z,116,0.135793,0.032251,16,0.01873,0.004448,85424,359677
20220216T000000Z,59,0.066901,0.016063,34,0.038553,0.009256,88190,367311
20220217T000000Z,111,0.130907,0.030999,86,0.101423,0.024017,84793,358080
20220218T000000Z,77,0.092491,0.022102,62,0.074474,0.017797,83251,348377
20220219T000000Z,63,0.136692,0.028302,6,0.013018,0.002695,46089,222598
20220220T000000Z,11,0.032613,0.005511,11,0.032613,0.005511,33729,199600
20220221T000000Z,6,0.0109,0.00188,4,0.007267,0.001253,55046,319194
20220222T000000Z,20,0.024972,0.005537,11,0.013734,0.003045,80091,361226
20220223T000000Z,15,0.0169,0.004108,5,0.005633,0.001369,88758,365179
20220224T000000Z,32,0.034844,0.008289,4,0.004356,0.001036,91837,386066
20220225T000000Z,2,0.002343,0.000556,0,0.0,0.0,85371,360034
20220226T000000Z,0,0.0,0.0,0,0.0,0.0,50661,237676
20220227T000000Z,2,0.005419,0.000932,1,0.002709,0.000466,36908,214606
20220228T000000Z,3,0.004107,0.000896,1,0.001369,0.000299,73039,334893
20220301T000000Z,9,0.010165,0.002476,6,0.006777,0.00165,88537,363562
20220302T000000Z,8,0.008664,0.002148,7,0.007581,0.001879,92339,372492
20220303T000000Z,4,0.004464,0.001088,5,0.00558,0.00136,89613,367530
20220304T000000Z,4,0.004673,0.00115,2,0.002337,0.000575,85593,347695
20220305T000000Z,3,0.005938,0.001278,1,0.001979,0.000426,50524,234698
20220306T000000Z,1,0.002791,0.000494,0,0.0,0.0,35830,202424
20220307T000000Z,9,0.012543,0.002784,1,0.001394,0.000309,71756,323264
20220308T000000Z,27,0.02965,0.007482,2,0.002196,0.000554,91063,360858
20220309T000000Z,11,0.011983,0.003006,6,0.006536,0.00164,91800,365943
20220310T000000Z,8,0.008937,0.002178,5,0.005586,0.001361,89517,367382
20220311T000000Z,47,0.054982,0.013404,2,0.00234,0.00057,85483,350637
20220312T000000Z,4,0.007929,0.001747,2,0.003964,0.000874,50448,228939
20220313T000000Z,4,0.010736,0.001966,2,0.005368,0.000983,37257,203455
20220314T000000Z,3,0.004104,0.000907,2,0.002736,0.000605,73100,330700
20220315T000000Z,9,0.010026,0.002467,2,0.002228,0.000548,89768,364753
20220316T000000Z,12,0.01361,0.00332,12,0.01361,0.00332,88173,361447
20220317T000000Z,9,0.010266,0.002492,7,0.007985,0.001939,87664,361101
20220318T000000Z,10,0.012429,0.003018,1,0.001243,0.000302,80460,331343
20220319T000000Z,9,0.019679,0.004193,2,0.004373,0.000932,45733,214661
20220320T000000Z,4,0.011197,0.002065,3,0.008398,0.001549,35724,193698
20220321T000000Z,2,0.002733,0.000612,1,0.001367,0.000306,73177,327006
20220322T000000Z,5,0.005848,0.001409,4,0.004678,0.001127,85500,354803
20220323T000000Z,2,0.002153,0.000552,3,0.00323,0.000828,92885,362106
20220324T000000Z,6,0.006799,0.001656,4,0.004532,0.001104,88254,362216
20220325T000000Z,7,0.008518,0.002065,3,0.003651,0.000885,82176,338936
20220326T000000Z,1,0.002107,0.00045,1,0.002107,0.00045,47471,222133
20220327T000000Z,0,0.0,0.0,0,0.0,0.0,35685,198122
20220328T000000Z,2,0.002503,0.000594,1,0.001251,0.000297,79920,336495
20220329T000000Z,3,0.003258,0.000821,1,0.001086,0.000274,92093,365474
20220330T000000Z,6,0.006737,0.00165,5,0.005614,0.001375,89063,363619
20220331T000000Z,4,0.004444,0.001083,3,0.003333,0.000812,90004,369275
20220401T000000Z,8,0.009384,0.002302,8,0.009384,0.002302,85256,347526
20220402T000000Z,7,0.015325,0.003125,4,0.008757,0.001786,45678,223991
20220403T000000Z,1,0.002787,0.000496,1,0.002787,0.000496,35880,201800
20220404T000000Z,4,0.00509,0.001227,2,0.002545,0.000614,78590,325907
20220405T000000Z,15,0.017837,0.00438,8,0.009513,0.002336,84096,342429
20220406T000000Z,9,0.010107,0.002509,6,0.006738,0.001673,89044,358744
20220407T000000Z,6,0.00678,0.001661,2,0.00226,0.000554,88494,361189
20220408T000000Z,5,0.006022,0.001451,3,0.003613,0.000871,83034,344498
20220409T000000Z,1,0.002118,0.000451,1,0.002118,0.000451,47210,221965
20220410T000000Z,1,0.00286,0.000519,0,0.0,0.0,34966,192679
20220411T000000Z,1,0.001369,0.000307,0,0.0,0.0,73061,325625
20220412T000000Z,9,0.010226,0.002563,2,0.002272,0.00057,88010,351083
20220413T000000Z,6,0.006876,0.001729,3,0.003438,0.000864,87256,347113
20220414T000000Z,10,0.011649,0.002953,6,0.006989,0.001772,85846,338583
20220415T000000Z,11,0.014975,0.003838,10,0.013613,0.003489,73457,286621
20220416T000000Z,3,0.007096,0.001484,3,0.007096,0.001484,42276,202176
20220417T000000Z,1,0.003046,0.000543,0,0.0,0.0,32835,184221
20220418T000000Z,9,0.013424,0.003207,5,0.007458,0.001782,67043,280605
20220419T000000Z,72,0.086919,0.021242,9,0.010865,0.002655,82836,338946
20220420T000000Z,62,0.070219,0.01755,4,0.00453,0.001132,88295,353275
20220421T000000Z,22,0.023694,0.006198,0,0.0,0.0,92852,354960
20220422T000000Z,4,0.004693,0.001203,1,0.001173,0.000301,85226,332372
20220423T000000Z,3,0.006492,0.001376,2,0.004328,0.000917,46209,218025
20220424T000000Z,6,0.015876,0.002891,4,0.010584,0.001927,37793,207563
20220425T000000Z,8,0.010624,0.002547,6,0.007968,0.00191,75302,314070
20220426T000000Z,4,0.004265,0.001127,3,0.003199,0.000845,93783,355023
20220427T000000Z,10,0.010556,0.002766,6,0.006334,0.00166,94732,361486
20220428T000000Z,4,0.004316,0.00111,4,0.004316,0.00111,92683,360299
20220429T000000Z,4,0.004433,0.001164,1,0.001108,0.000291,90236,343685
20220430T000000Z,4,0.008176,0.001849,1,0.002044,0.000462,48921,216369
20220501T000000Z,5,0.013305,0.002657,0,0.0,0.0,37580,188197
20220502T000000Z,81,0.112502,0.029988,1,0.001389,0.00037,71999,270111
20220503T000000Z,19,0.020286,0.006007,5,0.005338,0.001581,93660,316283
20220504T000000Z,6,0.006926,0.001901,4,0.004618,0.001268,86625,315546
20220505T000000Z,5,0.005546,0.001472,3,0.003328,0.000883,90154,339716
20220506T000000Z,12,0.01388,0.003651,7,0.008097,0.00213,86457,328667
20220507T000000Z,3,0.00671,0.001428,2,0.004473,0.000952,44710,210121
20220508T000000Z,1,0.002745,0.000533,1,0.002745,0.000533,36433,187563
20220509T000000Z,9,0.011883,0.002846,5,0.006602,0.001581,75739,316210
20220510T000000Z,53,0.058224,0.015375,53,0.058224,0.015375,91027,344717
20220511T000000Z,24,0.02624,0.006742,17,0.018586,0.004776,91465,355962
20220512T000000Z,20,0.021527,0.005612,11,0.01184,0.003087,92908,356379
20220513T000000Z,6,0.006982,0.001795,6,0.006982,0.001795,85935,334329
20220514T000000Z,4,0.00846,0.001905,3,0.006345,0.001428,47281,210020
20220515T000000Z,2,0.005696,0.001063,1,0.002848,0.000532,35115,188127
20220516T000000Z,6,0.00746,0.001862,4,0.004973,0.001241,80429,322256
20220517T000000Z,7,0.007608,0.001993,6,0.006521,0.001708,92012,351298
20220518T000000Z,10,0.010699,0.002811,9,0.009629,0.00253,93471,355699
20220519T000000Z,20,0.022819,0.005789,19,0.021678,0.0055,87647,345454
20220520T000000Z,17,0.020021,0.005089,4,0.004711,0.001197,84909,334078
20220521T000000Z,2,0.00449,0.000955,1,0.002245,0.000478,44539,209408
20220522T000000Z,0,0.0,0.0,0,0.0,0.0,35857,188239
20220523T000000Z,7,0.009407,0.002204,7,0.009407,0.002204,74409,317549
20220524T000000Z,7,0.00786,0.002017,5,0.005615,0.001441,89053,346990
20220525T000000Z,0,0.0,0.0,1,0.001047,0.000283,95505,352954
20220526T000000Z,11,0.011991,0.003249,8,0.008721,0.002363,91735,338601
20220527T000000Z,57,0.069971,0.01773,57,0.069971,0.01773,81462,321489
20220528T000000Z,7,0.015722,0.003508,6,0.013476,0.003006,44525,199571
20220529T000000Z,3,0.009127,0.001691,1,0.003042,0.000564,32870,177459
20220530T000000Z,5,0.010333,0.00172,4,0.008266,0.001376,48389,290681
20220531T000000Z,7,0.009239,0.002117,4,0.005279,0.00121,75766,330609
20220601T000000Z,33,0.035918,0.009446,24,0.026122,0.00687,91877,349356
20220602T000000Z,23,0.026052,0.006789,14,0.015858,0.004132,88286,338784
20220603T000000Z,74,0.096904,0.024493,110,0.144047,0.036409,76364,302121
20220604T000000Z,22,0.048409,0.011081,20,0.044008,0.010074,45446,198531
20220605T000000Z,32,0.092703,0.01798,28,0.081115,0.015732,34519,177976
20220606T000000Z,139,0.199796,0.04665,128,0.183985,0.042958,69571,297964
20220607T000000Z,270,0.32732,0.081171,277,0.335806,0.083275,82488,332633
20220608T000000Z,500,0.578858,0.146197,474,0.548757,0.138595,86377,342004
20220609T000000Z,296,0.352117,0.086506,208,0.247433,0.060788,84063,342172
20220610T000000Z,137,0.167455,0.04222,115,0.140564,0.03544,81813,324489
20220611T000000Z,33,0.076484,0.016318,24,0.055625,0.011868,43146,202229
20220612T000000Z,33,0.092455,0.017641,24,0.06724,0.01283,35693,187061
20220613T000000Z,46,0.061392,0.014882,38,0.050715,0.012294,74928,309089
20220614T000000Z,22,0.025558,0.006377,13,0.015103,0.003768,86078,344980
20220615T000000Z,37,0.041119,0.010556,32,0.035563,0.00913,89982,350509
20220616T000000Z,32,0.03579,0.00935,22,0.024606,0.006428,89410,342247
20220617T000000Z,25,0.030016,0.007633,19,0.022812,0.005801,83289,327516
20220618T000000Z,16,0.037464,0.007857,13,0.030439,0.006384,42708,203639
20220619T000000Z,59,0.1667,0.030824,5,0.014127,0.002612,35393,191407
20220620T000000Z,60,0.102478,0.019954,15,0.02562,0.004989,58549,300689
20220621T000000Z,33,0.041865,0.009978,9,0.011418,0.002721,78825,330727
20220622T000000Z,19,0.022126,0.005555,8,0.009316,0.002339,85870,342014
20220623T000000Z,6,0.006933,0.001768,5,0.005778,0.001473,86539,339349
20220624T000000Z,10,0.012077,0.003125,8,0.009661,0.0025,82803,319979
20220625T000000Z,7,0.015625,0.003435,4,0.008928,0.001963,44801,203761
20220626T000000Z,9,0.026142,0.004909,4,0.011619,0.002182,34427,183333
20220627T000000Z,12,0.016983,0.003889,7,0.009907,0.002269,70660,308531
20220628T000000Z,8,0.009478,0.002383,5,0.005924,0.00149,84403,335644
20220629T000000Z,16,0.018698,0.004714,10,0.011686,0.002946,85570,339438
20220630T000000Z,9,0.010136,0.002601,8,0.00901,0.002312,88794,345960
20220701T000000Z,13,0.01651,0.0041,7,0.00889,0.002208,78741,317063
20220702T000000Z,41,0.09757,0.021419,3,0.007139,0.001567,42021,191421
20220703T000000Z,1,0.003158,0.00057,0,0.0,0.0,31662,175508
20220704T000000Z,3,0.0072,0.001105,3,0.0072,0.001105,41665,271611
20220705T000000Z,10,0.014556,0.003189,3,0.004367,0.000957,68701,313541
20220706T000000Z,16,0.019853,0.004894,6,0.007445,0.001835,80593,326946
20220707T000000Z,62,0.074257,0.018727,28,0.033535,0.008457,83494,331079
20220708T000000Z,59,0.074333,0.018701,63,0.079372,0.019969,79373,315489
20220709T000000Z,18,0.041462,0.009269,15,0.034552,0.007725,43413,194187
20220710T000000Z,5,0.015683,0.002939,6,0.018819,0.003527,31882,170102
20220711T000000Z,12,0.017134,0.004126,4,0.005711,0.001375,70038,290863
20220712T000000Z,11,0.013159,0.003413,6,0.007178,0.001862,83592,322289
20220713T000000Z,19,0.022114,0.005798,12,0.013967,0.003662,85919,327682
20220714T000000Z,17,0.019495,0.005159,5,0.005734,0.001517,87200,329508
20220715T000000Z,13,0.016173,0.004151,8,0.009953,0.002554,80379,313185
20220716T000000Z,5,0.011766,0.002563,4,0.009413,0.00205,42494,195079
20220717T000000Z,17,0.054119,0.009723,12,0.038202,0.006863,31412,174851
20220718T000000Z,8,0.01166,0.002693,6,0.008745,0.00202,68613,297027
20220719T000000Z,11,0.01341,0.00339,7,0.008534,0.002157,82026,324463
20220720T000000Z,23,0.027081,0.007054,10,0.011775,0.003067,84929,326073
20220721T000000Z,10,0.011589,0.003058,8,0.009271,0.002447,86286,326963
20220722T000000Z,12,0.015166,0.003947,10,0.012638,0.003289,79124,304026
20220723T000000Z,5,0.011889,0.002657,3,0.007133,0.001594,42056,188203
20220724T000000Z,5,0.015758,0.002998,4,0.012606,0.002398,31730,166797
20220725T000000Z,7,0.010277,0.002402,4,0.005873,0.001373,68110,291395
20220726T000000Z,8,0.009397,0.002493,6,0.007047,0.00187,85137,320916
20220727T000000Z,8,0.009303,0.002456,6,0.006977,0.001842,85998,325681
20220728T000000Z,14,0.016339,0.004319,3,0.003501,0.000926,85685,324137
20220729T000000Z,2,0.002558,0.00066,1,0.001279,0.00033,78175,303231
20220730T000000Z,5,0.011807,0.002676,2,0.004723,0.00107,42347,186855
20220731T000000Z,5,0.015194,0.002965,0,0.0,0.0,32907,168632
20220801T000000Z,11,0.01565,0.003831,9,0.012805,0.003135,70287,287100
20220802T000000Z,15,0.017901,0.004814,6,0.007161,0.001926,83792,311578
20220803T000000Z,14,0.016314,0.004401,6,0.006992,0.001886,85814,318092
20220804T000000Z,62,0.072484,0.019355,41,0.047933,0.012799,85536,320332
20220805T000000Z,28,0.035115,0.009212,18,0.022574,0.005922,79738,303936
20220806T000000Z,6,0.013843,0.003123,5,0.011536,0.002603,43344,192105
20220807T000000Z,5,0.015586,0.002968,3,0.009352,0.001781,32080,168473
20220808T000000Z,8,0.011654,0.002835,5,0.007284,0.001772,68647,282167
20220809T000000Z,7,0.008323,0.002241,4,0.004756,0.00128,84109,312403
20220810T000000Z,13,0.015502,0.004113,11,0.013117,0.00348,83860,316066
20220811T000000Z,16,0.019734,0.005146,12,0.014801,0.00386,81077,310892
20220812T000000Z,9,0.01162,0.003045,6,0.007747,0.00203,77454,295605
20220813T000000Z,2,0.004801,0.001072,2,0.004801,0.001072,41658,186485
20220814T000000Z,2,0.006478,0.001247,2,0.006478,0.001247,30875,160372
20220815T000000Z,33,0.05097,0.013008,27,0.041703,0.010643,64744,253689
20220816T000000Z,63,0.076788,0.020684,41,0.049973,0.013461,82044,304582
20220817T000000Z,47,0.05905,0.015599,41,0.051512,0.013607,79593,301311
20220818T000000Z,10,0.012093,0.003217,5,0.006046,0.001609,82694,310842
20220819T000000Z,15,0.019952,0.005223,10,0.013301,0.003482,75182,287179
20220820T000000Z,1,0.002441,0.000541,1,0.002441,0.000541,40975,184959
20220821T000000Z,4,0.013659,0.002541,3,0.010244,0.001906,29285,157433
20220822T000000Z,4,0.005989,0.001434,3,0.004492,0.001076,66788,278875
20220823T000000Z,8,0.009753,0.002579,4,0.004877,0.001289,82025,310239
20220824T000000Z,10,0.011969,0.0032,8,0.009575,0.00256,83550,312470
20220825T000000Z,11,0.013164,0.00348,11,0.013164,0.00348,83561,316120
20220826T000000Z,7,0.008908,0.002348,6,0.007636,0.002012,78578,298166
20220827T000000Z,4,0.009762,0.00218,3,0.007322,0.001635,40975,183513
20220828T000000Z,3,0.009581,0.001813,0,0.0,0.0,31313,165444
20220829T000000Z,5,0.007201,0.001765,2,0.00288,0.000706,69437,283308
20220830T000000Z,11,0.013751,0.003551,7,0.00875,0.00226,79996,309740
20220831T000000Z,6,0.007193,0.001891,8,0.009591,0.002521,83412,317340
20220901T000000Z,10,0.01169,0.003119,4,0.004676,0.001248,85542,320567
20220902T000000Z,3,0.00398,0.001023,2,0.002653,0.000682,75386,293251
20220903T000000Z,0,0.0,0.0,0,0.0,0.0,40133,181172
20220904T000000Z,3,0.008973,0.001777,1,0.002991,0.000592,33433,168850
20220905T000000Z,2,0.004557,0.000754,1,0.002278,0.000377,43893,265087
20220906T000000Z,5,0.006806,0.001626,1,0.001361,0.000325,73462,307461
20220907T000000Z,2,0.002363,0.000621,1,0.001182,0.00031,84638,322285
20220908T000000Z,5,0.005692,0.001514,3,0.003415,0.000909,87845,330214
20220909T000000Z,2,0.002411,0.000662,2,0.002411,0.000662,82941,302233
20220910T000000Z,3,0.006702,0.001553,1,0.002234,0.000518,44760,193173
20220911T000000Z,0,0.0,0.0,0,0.0,0.0,34101,168675
20220912T000000Z,39,0.054968,0.013849,0,0.0,0.0,70951,281605
20220913T000000Z,92,0.106345,0.028613,5,0.00578,0.001555,86511,321534
20220914T000000Z,18,0.020696,0.005613,10,0.011498,0.003118,86974,320704
20220915T000000Z,6,0.006751,0.00187,3,0.003375,0.000935,88877,320866
20220916T000000Z,3,0.003932,0.001006,1,0.001311,0.000335,76302,298083
20220917T000000Z,0,0.0,0.0,0,0.0,0.0,41402,187196
20220918T000000Z,0,0.0,0.0,0,0.0,0.0,30169,162340
20220919T000000Z,4,0.005923,0.001404,2,0.002961,0.000702,67534,284847
20220920T000000Z,2,0.002596,0.000648,0,0.0,0.0,77033,308540
20220921T000000Z,14,0.017692,0.004554,9,0.011374,0.002928,79131,307396
20220922T000000Z,5,0.006306,0.001637,3,0.003784,0.000982,79287,305478
20220923T000000Z,7,0.009362,0.002356,4,0.00535,0.001346,74772,297175
20220924T000000Z,2,0.00462,0.001048,0,0.0,0.0,43286,190854
20220925T000000Z,4,0.011714,0.002319,0,0.0,0.0,34147,172469
20220926T000000Z,1,0.001495,0.000347,2,0.002991,0.000693,66869,288492
20220927T000000Z,3,0.004005,0.000991,1,0.001335,0.00033,74909,302719
20220928T000000Z,2,0.002504,0.00065,1,0.001252,0.000325,79868,307736
20220929T000000Z,7,0.008392,0.002171,5,0.005995,0.001551,83409,322433
20220930T000000Z,7,0.008935,0.002277,4,0.005106,0.001301,78346,307481
20221001T000000Z,14,0.033102,0.00728,5,0.011822,0.0026,42293,192306
20221002T000000Z,3,0.009599,0.001803,0,0.0,0.0,31253,166376
20221003T000000Z,1,0.001468,0.000363,1,0.001468,0.000363,68102,275727
20221004T000000Z,11,0.013895,0.003727,6,0.007579,0.002033,79163,295166
20221005T000000Z,28,0.033761,0.009326,1,0.001206,0.000333,82937,300221
20221006T000000Z,5,0.00651,0.0017,1,0.001302,0.00034,76802,294110
20221007T000000Z,1,0.001337,0.000355,1,0.001337,0.000355,74785,281388
20221008T000000Z,3,0.007677,0.001631,2,0.005118,0.001087,39079,183911
20221009T000000Z,3,0.009597,0.00178,0,0.0,0.0,31259,168561
20221010T000000Z,3,0.004698,0.001086,3,0.004698,0.001086,63861,276211
20221011T000000Z,3,0.003844,0.000963,2,0.002562,0.000642,78049,311607
20221012T000000Z,6,0.007091,0.00189,2,0.002364,0.00063,84620,317454
20221013T000000Z,8,0.009815,0.002517,5,0.006134,0.001573,81511,317869
20221014T000000Z,4,0.005534,0.001367,3,0.00415,0.001025,72281,292614
20221015T000000Z,2,0.004819,0.001066,2,0.004819,0.001066,41500,187582
20221016T000000Z,0,0.0,0.0,0,0.0,0.0,31590,167826
20221017T000000Z,6,0.008779,0.002042,5,0.007316,0.001702,68346,293798
20221018T000000Z,5,0.006363,0.00162,4,0.00509,0.001296,78579,308645
20221019T000000Z,12,0.01442,0.003721,6,0.00721,0.00186,83218,322529
20221020T000000Z,4,0.004926,0.001244,1,0.001232,0.000311,81194,321430
20221021T000000Z,9,0.011418,0.002982,3,0.003806,0.000994,78822,301790
20221022T000000Z,1,0.002598,0.000557,3,0.007793,0.00167,38496,179589
20221023T000000Z,0,0.0,0.0,0,0.0,0.0,29875,156398
20221024T000000Z,3,0.004354,0.00107,2,0.002903,0.000713,68898,280361
20221025T000000Z,6,0.007435,0.001917,2,0.002478,0.000639,80696,312975
20221026T000000Z,7,0.008624,0.002229,4,0.004928,0.001274,81169,314064
20221027T000000Z,7,0.008405,0.002245,2,0.002401,0.000641,83288,311772
20221028T000000Z,15,0.018577,0.005059,6,0.007431,0.002024,80745,296473
20221029T000000Z,6,0.015124,0.00338,3,0.007562,0.00169,39671,177538
20221030T000000Z,2,0.006464,0.001234,2,0.006464,0.001234,30940,162010
20221031T000000Z,3,0.004331,0.001063,0,0.0,0.0,69275,282128
20221101T000000Z,4,0.005033,0.001375,1,0.001258,0.000344,79468,290922
20221102T000000Z,6,0.007112,0.001984,1,0.001185,0.000331,84365,302413
20221103T000000Z,5,0.005818,0.001636,4,0.004655,0.001309,85934,305585
20221104T000000Z,10,0.012681,0.003478,5,0.00634,0.001739,78859,287557
20221105T000000Z,1,0.002711,0.000616,0,0.0,0.0,36889,162216
20221106T000000Z,5,0.015237,0.002998,4,0.01219,0.002399,32815,166754
20221107T000000Z,6,0.00911,0.002133,3,0.004555,0.001067,65862,281263
20221108T000000Z,8,0.010056,0.002608,5,0.006285,0.00163,79557,306702
20221109T000000Z,18,0.019243,0.005496,12,0.012829,0.003664,93541,327495
20221110T000000Z,13,0.017593,0.004501,5,0.006766,0.001731,73895,288809
20221111T000000Z,0,0.0,0.0,0,0.0,0.0,11315,34797
20221112T000000Z,2,0.004566,0.001036,1,0.002283,0.000518,43800,193140
20221113T000000Z,3,0.009266,0.001816,0,0.0,0.0,32378,165166
20221114T000000Z,4,0.005612,0.001378,3,0.004209,0.001034,71279,290251
20221115T000000Z,2,0.002374,0.000631,1,0.001187,0.000316,84261,316797
20221116T000000Z,8,0.009569,0.002495,7,0.008373,0.002183,83602,320652
20221117T000000Z,17,0.01955,0.005292,15,0.01725,0.004669,86957,321268
20221118T000000Z,5,0.006147,0.001654,2,0.002459,0.000661,81343,302368
20221119T000000Z,2,0.004479,0.001049,0,0.0,0.0,44650,190672
20221120T000000Z,1,0.002962,0.000587,0,0.0,0.0,33757,170315
20221121T000000Z,8,0.01145,0.002815,4,0.005725,0.001408,69867,284147
20221122T000000Z,3,0.003878,0.000985,3,0.003878,0.000985,77362,304500
20221123T000000Z,0,0.0,0.0,0,0.0,0.0,75656,303719
20221124T000000Z,0,0.0,0.0,0,0.0,0.0,47332,273705
20221125T000000Z,0,0.0,0.0,0,0.0,0.0,45313,261208
20221126T000000Z,1,0.002992,0.000584,0,0.0,0.0,33427,171364
20221127T000000Z,2,0.00766,0.001328,1,0.00383,0.000664,26111,150557
20221128T000000Z,1,0.001561,0.000358,1,0.001561,0.000358,64048,279657
20221129T000000Z,11,0.014209,0.003564,11,0.014209,0.003564,77416,308618
20221130T000000Z,3,0.003658,0.000955,2,0.002439,0.000637,82009,314152
20221201T000000Z,6,0.007351,0.001921,5,0.006125,0.001601,81627,312330
20221202T000000Z,30,0.040088,0.010241,24,0.03207,0.008193,74836,292950
20221203T000000Z,3,0.007544,0.001729,2,0.00503,0.001152,39765,173559
20221204T000000Z,5,0.017586,0.003186,0,0.0,0.0,28431,156942
20221205T000000Z,3,0.004484,0.001066,2,0.002989,0.000711,66911,281428
20221206T000000Z,0,0.0,0.0,1,0.001251,0.000327,79929,305719
20221207T000000Z,1,0.001191,0.000319,0,0.0,0.0,83938,313894
20221208T000000Z,3,0.003695,0.000998,1,0.001232,0.000333,81192,300585
20221209T000000Z,3,0.004001,0.001041,3,0.004001,0.001041,74979,288145
20221210T000000Z,2,0.004829,0.00111,0,0.0,0.0,41416,180220
20221211T000000Z,1,0.003454,0.000645,1,0.003454,0.000645,28956,155005
20221212T000000Z,3,0.004704,0.001083,1,0.001568,0.000361,63774,277006
20221213T000000Z,3,0.003878,0.00098,1,0.001293,0.000327,77368,306020
20221214T000000Z,2,0.00247,0.000646,1,0.001235,0.000323,80956,309803
20221215T000000Z,5,0.00604,0.001601,4,0.004832,0.001281,82784,312359
20221216T000000Z,0,0.0,0.0,0,0.0,0.0,74771,288582
20221217T000000Z,1,0.002357,0.000544,0,0.0,0.0,42418,183832
20221218T000000Z,2,0.006206,0.001234,0,0.0,0.0,32225,162134
20221219T000000Z,1,0.001575,0.000372,1,0.001575,0.000372,63475,268857
20221220T000000Z,0,0.0,0.0,0,0.0,0.0,74298,293918
20221221T000000Z,9,0.011866,0.003034,4,0.005274,0.001349,75849,296605
20221222T000000Z,1,0.001403,0.000347,0,0.0,0.0,71299,287838
20221223T000000Z,2,0.003237,0.000765,1,0.001618,0.000383,61787,261269
20221224T000000Z,0,0.0,0.0,0,0.0,0.0,37377,167997
20221225T000000Z,0,0.0,0.0,0,0.0,0.0,23710,132077
20221226T000000Z,0,0.0,0.0,0,0.0,0.0,34028,191725
